<?xml version="1.0" encoding="UTF-8" standalone="yes"?>
<model type="com.apple.IDECoreDataModeler.DataModel" documentVersion="1.0" lastSavedToolsVersion="14135" systemVersion="17G65" minimumToolsVersion="Automatic" sourceLanguage="Swift" userDefinedModelVersionIdentifier="">
    <entity name="Author" representedClassName="Author" syncable="YES" codeGenerationType="class">
        <attribute name="firstName" optional="YES" attributeType="String" syncable="YES"/>
        <attribute name="lastName" optional="YES" attributeType="String" syncable="YES"/>
        <relationship name="books" optional="YES" maxCount="1" deletionRule="Nullify" destinationEntity="Book" inverseName="author" inverseEntity="Book" syncable="YES"/>
    </entity>
    <entity name="Book" representedClassName="Book" syncable="YES" codeGenerationType="class">
        <attribute name="price" optional="YES" attributeType="Decimal" defaultValueString="0.0" syncable="YES"/>
        <attribute name="title" optional="YES" attributeType="String" syncable="YES"/>
        <attribute name="yearPublish" optional="YES" attributeType="Integer 32" defaultValueString="0" usesScalarValueType="YES" syncable="YES"/>
        <relationship name="author" optional="YES" maxCount="1" deletionRule="Nullify" destinationEntity="Author" inverseName="books" inverseEntity="Author" syncable="YES"/>
    </entity>
    <elements>
        <element name="Book" positionX="-63" positionY="-18" width="128" height="105"/>
        <element name="Author" positionX="-54" positionY="18" width="128" height="90"/>
    </elements>
</model>