<?xml version="1.0" encoding="UTF-8"?>
<document type="com.apple.InterfaceBuilder3.CocoaTouch.Storyboard.XIB" version="3.0" toolsVersion="14113" targetRuntime="iOS.CocoaTouch" propertyAccessControl="none" useAutolayout="YES" useTraitCollections="YES" useSafeAreas="YES" colorMatched="YES" initialViewController="LcN-gd-hd1">
    <device id="retina4_0" orientation="portrait">
        <adaptation id="fullscreen"/>
    </device>
    <dependencies>
        <deployment identifier="iOS"/>
        <plugIn identifier="com.apple.InterfaceBuilder.IBCocoaTouchPlugin" version="14088"/>
        <capability name="Safe area layout guides" minToolsVersion="9.0"/>
        <capability name="documents saved in the Xcode 8 format" minToolsVersion="8.0"/>
    </dependencies>
    <scenes>
        <!--View Controller-->
        <scene sceneID="tne-QT-ifu">
            <objects>
                <viewController id="BYZ-38-t0r" customClass="ViewController" customModule="BookStore" customModuleProvider="target" sceneMemberID="viewController">
                    <view key="view" contentMode="scaleToFill" id="8bC-Xf-vdC">
                        <rect key="frame" x="0.0" y="0.0" width="320" height="568"/>
                        <autoresizingMask key="autoresizingMask" widthSizable="YES" heightSizable="YES"/>
                        <subviews>
                            <tableView clipsSubviews="YES" contentMode="scaleToFill" fixedFrame="YES" alwaysBounceVertical="YES" dataMode="prototypes" style="plain" separatorStyle="default" rowHeight="-1" estimatedRowHeight="-1" sectionHeaderHeight="28" sectionFooterHeight="28" translatesAutoresizingMaskIntoConstraints="NO" id="cdM-2W-FDt">
                                <rect key="frame" x="0.0" y="169" width="320" height="399"/>
                                <autoresizingMask key="autoresizingMask" flexibleMaxX="YES" flexibleMaxY="YES"/>
                                <color key="backgroundColor" white="1" alpha="1" colorSpace="custom" customColorSpace="genericGamma22GrayColorSpace"/>
                                <prototypes>
                                    <tableViewCell clipsSubviews="YES" contentMode="scaleToFill" preservesSuperviewLayoutMargins="YES" selectionStyle="default" indentationWidth="10" reuseIdentifier="Cell" textLabel="3rt-hU-QBO" style="IBUITableViewCellStyleDefault" id="exH-tk-ncp">
                                        <rect key="frame" x="0.0" y="28" width="320" height="44"/>
                                        <autoresizingMask key="autoresizingMask"/>
                                        <tableViewCellContentView key="contentView" opaque="NO" clipsSubviews="YES" multipleTouchEnabled="YES" contentMode="center" preservesSuperviewLayoutMargins="YES" insetsLayoutMarginsFromSafeArea="NO" tableViewCell="exH-tk-ncp" id="rp7-H4-hdc">
                                            <rect key="frame" x="0.0" y="0.0" width="320" height="43.5"/>
                                            <autoresizingMask key="autoresizingMask"/>
                                            <subviews>
                                                <label opaque="NO" multipleTouchEnabled="YES" contentMode="left" insetsLayoutMarginsFromSafeArea="NO" text="Title" textAlignment="natural" lineBreakMode="tailTruncation" baselineAdjustment="alignBaselines" adjustsFontSizeToFit="NO" id="3rt-hU-QBO">
                                                    <rect key="frame" x="15" y="0.0" width="290" height="43.5"/>
                                                    <autoresizingMask key="autoresizingMask"/>
                                                    <fontDescription key="fontDescription" type="system" pointSize="17"/>
                                                    <nil key="textColor"/>
                                                    <nil key="highlightedColor"/>
                                                </label>
                                            </subviews>
                                        </tableViewCellContentView>
                                    </tableViewCell>
                                </prototypes>
                                <connections>
                                    <outlet property="dataSource" destination="BYZ-38-t0r" id="Rav-KF-8FG"/>
                                    <outlet property="delegate" destination="BYZ-38-t0r" id="6y2-k2-pWT"/>
                                </connections>
                            </tableView>
                            <button opaque="NO" contentMode="scaleToFill" fixedFrame="YES" contentHorizontalAlignment="center" contentVerticalAlignment="center" buttonType="roundedRect" lineBreakMode="middleTruncation" translatesAutoresizingMaskIntoConstraints="NO" id="0Fc-mb-pEC">
                                <rect key="frame" x="232" y="122" width="65" height="30"/>
                                <autoresizingMask key="autoresizingMask" flexibleMaxX="YES" flexibleMaxY="YES"/>
                                <state key="normal" title="Add"/>
                                <connections>
                                    <action selector="AddBook:" destination="BYZ-38-t0r" eventType="touchUpInside" id="yGk-Ws-bWY"/>
                                </connections>
                            </button>
                            <textField opaque="NO" contentMode="scaleToFill" fixedFrame="YES" contentHorizontalAlignment="left" contentVerticalAlignment="center" borderStyle="roundedRect" placeholder="ingresa un libro" textAlignment="natural" minimumFontSize="17" translatesAutoresizingMaskIntoConstraints="NO" id="IQk-Kc-Xxv">
                                <rect key="frame" x="16" y="79" width="288" height="30"/>
                                <autoresizingMask key="autoresizingMask" flexibleMaxX="YES" flexibleMaxY="YES"/>
                                <nil key="textColor"/>
                                <fontDescription key="fontDescription" type="system" pointSize="14"/>
                                <textInputTraits key="textInputTraits"/>
                            </textField>
                        </subviews>
                        <color key="backgroundColor" red="1" green="1" blue="1" alpha="1" colorSpace="custom" customColorSpace="sRGB"/>
                        <viewLayoutGuide key="safeArea" id="6Tk-OE-BBY"/>
                    </view>
                    <navigationItem key="navigationItem" id="U3Y-gF-xfr">
                        <barButtonItem key="rightBarButtonItem" systemItem="add" id="HHJ-G5-LRC">
                            <connections>
                                <action selector="addNew:" destination="BYZ-38-t0r" id="6k1-Cg-HAK"/>
                            </connections>
                        </barButtonItem>
                    </navigationItem>
                    <connections>
                        <outlet property="myTableView" destination="cdM-2W-FDt" id="bos-m1-mjT"/>
                        <outlet property="txtBookName" destination="IQk-Kc-Xxv" id="3Al-YN-N3K"/>
                    </connections>
                </viewController>
                <placeholder placeholderIdentifier="IBFirstResponder" id="dkx-z0-nzr" sceneMemberID="firstResponder"/>
            </objects>
            <point key="canvasLocation" x="1113.75" y="117.25352112676056"/>
        </scene>
        <!--Navigation Controller-->
        <scene sceneID="BTE-by-GRA">
            <objects>
                <navigationController automaticallyAdjustsScrollViewInsets="NO" id="LcN-gd-hd1" sceneMemberID="viewController">
                    <toolbarItems/>
                    <navigationBar key="navigationBar" contentMode="scaleToFill" insetsLayoutMarginsFromSafeArea="NO" id="cE6-Jy-XvH">
                        <rect key="frame" x="0.0" y="20" width="320" height="44"/>
                        <autoresizingMask key="autoresizingMask"/>
                    </navigationBar>
                    <nil name="viewControllers"/>
                    <connections>
                        <segue destination="BYZ-38-t0r" kind="relationship" relationship="rootViewController" id="bCV-sr-aiU"/>
                    </connections>
                </navigationController>
                <placeholder placeholderIdentifier="IBFirstResponder" id="Gu9-sU-5BF" userLabel="First Responder" sceneMemberID="firstResponder"/>
            </objects>
            <point key="canvasLocation" x="116.25" y="117.25352112676056"/>
        </scene>
    </scenes>
</document>
